id,firstname,lastname,drivinglicense,address,email,phone,role,idPhoto,password
1,Tom,Miller,G8394-98312-31244,"6755,Rue Brunswick",Tmiller@gmail.com,5148797982,user,NULL,Tom123
2,Jerry,Trump,J4859-23403-31234,778 Boul. Rene-levesque Est,JTrump@gmail.com,450-670-6798,user,NULL,Jerry123
3,Maria,Clinton,M9405-58493-51254,859 Boul. Louis-h. Lafontaine,MClinton@gmail.com,897-485-3984,user,NULL,Maria123
4,Kenya,Zulauf,W7901-73771-71013,115 Eugenia River Apt. 306,Kenya@gmail.com,914960-4710,user,,q1w2E3
5,Celine,Mosciski,M0672-45669-18957,1136 Myah Land Apt. 396,Celine@gmail.com,163913-4877,user,,q1w2E3
6,Emmett,Toy,E1983-47575-60647,885 Kilback Shore Apt. 257,Emmett@gmail.com,657603-4556,user,,q1w2E3
7,Emmanuel,Heaney,J4491-44726-61121,37518 Cristobal Lights Apt. 287,Emmanuel@gmail.com,048885-2441,user,,q1w2E3
8,Icie,Roberts,W0010-20276-84742,1014 Mariela Heights,Icie@gmail.com,067589-1804,user,,q1w2E3
9,Cooper,Gulgowski,A8089-81254-66276,9569 Kamille Pass Apt. 748,Cooper@gmail.com,081929-8209,user,,q1w2E3
10,Alda,Kuhic,A4693-77281-26813,5024 Mayer Locks Suite 428,Alda@gmail.com,636818-5585,user,,q1w2E3
11,Sonya,Jast,U5239-12175-40651,8965 Quinten Shores Suite 536,Sonya@gmail.com,215607-2228,user,,q1w2E3
12,Vada,Toy,H0926-27711-52755,52688 Becker Mill,Vada@gmail.com,107273-0716,user,,q1w2E3
13,Kennedy,Dicki,Z8627-84098-96209,389 Edgar Extensions Apt. 373,Kennedy@gmail.com,813291-7520,user,,q1w2E3
14,Virginie,Willms,W1977-35564-26429,562 Moen Ramp,Virginie@gmail.com,009683-2216,user,,q1w2E3
15,Franco,Kulas,X4510-79117-98643,46709 Jerald Greens,Franco@gmail.com,389628-9347,user,,q1w2E3
16,Delphia,Champlin,U9062-64728-75579,167 Senger Square Apt. 742,Delphia@gmail.com,698723-4461,user,,q1w2E3
17,Jasen,DuBuque,P5585-20960-72068,721 Jarret Center,Jasen@gmail.com,429467-6609,user,,q1w2E3
18,Arturo,Ledner,J3222-70886-16479,4592 Nitzsche Fork Apt. 150,Arturo@gmail.com,597960-2648,user,,q1w2E3
19,Gabrielle,Lesch,L9756-17537-96019,966 O'Kon Mountains Apt. 653,Gabrielle@gmail.com,612252-3187,user,,q1w2E3
20,Jarrell,Jast,I1563-20602-44500,91822 Brent Burgs,Jarrell@gmail.com,718133-8465,user,,q1w2E3
21,Norval,Dickens,Z7002-19069-53744,9377 O'Hara Skyway,Norval@gmail.com,111990-8130,user,,q1w2E3
22,Johnny,Beatty,T1047-41700-98417,344 Ledner Shoals,Johnny@gmail.com,302950-1520,user,,q1w2E3
23,Francisca,Kirlin,Q4569-65000-14584,341 Carmel Ports Apt. 649,Francisca@gmail.com,465653-3417,user,,q1w2E3
